<application>
  <component name="ProjectManager">
    <defaultProject>
      <component name="PropertiesComponent"><![CDATA[{
  "keyToString": {
    "settings.editor.selected.configurable": "project.propVCSSupport.Mappings"
  }
}]]></component>
      <component name="WindowStateProjectService">
        <state x="781" y="213" key="SettingsEditor" timestamp="1687533185927">
          <screen x="0" y="0" width="2560" height="1400" />
        </state>
        <state x="781" y="213" key="SettingsEditor/0.0.2560.1400/2560.43.1920.1040" timestamp="1687533185927" />
      </component>
    </defaultProject>
  </component>
</application>